City_ID,City,Country,Lat,Lng,Max Temp,Humidity,Cloudiness,Wind Speed,Current Description
0,Ponta Do Sol,PT,32.6667,-17.1,65.12,67,80,5.59,light rain
1,Manicore,BR,-5.8092,-61.3003,82.35,78,20,5.75,few clouds
2,Bredasdorp,ZA,-34.5322,20.0403,62.37,69,100,14.65,overcast clouds
3,Burlatskoye,RU,45.0564,43.635,36.14,93,100,13.76,overcast clouds
4,Cape Town,ZA,-33.9258,18.4232,71.38,58,40,27.63,scattered clouds
5,Tasiilaq,GL,65.6145,-37.6368,22.75,95,100,8.32,snow
6,Hambantota,LK,6.1241,81.1185,79.14,89,20,5.75,few clouds
7,Sao Geraldo Do Araguaia,BR,-6.4006,-48.555,83.75,70,76,3.62,broken clouds
8,Van,TR,38.4924,43.3831,29.55,93,75,3.44,mist
9,Juba,SS,4.8517,31.5825,95.79,16,18,8.34,few clouds
10,Lagoa,PT,39.05,-27.9833,57.43,74,62,12.59,broken clouds
11,Oriximina,BR,-1.7656,-55.8661,77.88,82,100,4.34,overcast clouds
12,Kostomuksha,RU,64.571,30.5767,28.22,93,100,15.03,overcast clouds
13,Gondomar,PT,41.1445,-8.5322,54.97,56,0,8.05,clear sky
14,Pamyat Parizhskoy Kommuny,RU,56.1048,44.4952,2.26,100,28,2.19,scattered clouds
15,Hermanus,ZA,-34.4187,19.2345,64.8,73,100,18.79,light rain
16,Ushuaia,AR,-54.8,-68.3,58.66,44,0,26.46,clear sky
17,Edd,ER,13.9297,41.6925,82.15,56,68,24.05,broken clouds
18,Kruisfontein,ZA,-34.0033,24.7314,62.89,88,90,17.4,light rain
19,Zhezkazgan,KZ,47.8043,67.7144,-0.42,85,40,6.71,scattered clouds
20,Pitimbu,BR,-7.4706,-34.8086,88.39,56,7,14.07,clear sky
21,Barbastro,ES,42.0356,0.1269,54.14,53,0,4.14,clear sky
22,Saint-Nazaire,FR,47.2833,-2.2,42.78,72,100,10.36,overcast clouds
23,Hamilton,US,39.1834,-84.5333,46.98,63,100,3.0,overcast clouds
24,Vardo,NO,70.3705,31.1107,33.46,89,99,8.25,overcast clouds
25,Mazara Del Vallo,IT,37.6641,12.588,51.93,62,85,8.81,overcast clouds
26,Margate,GB,51.3813,1.3862,42.91,69,33,3.0,scattered clouds
27,Mar Del Plata,AR,-38.0023,-57.5575,78.84,81,20,10.36,few clouds
28,Hithadhoo,MV,-0.6,73.0833,81.88,75,97,12.39,overcast clouds
29,Bahar,IR,34.9072,48.4414,21.36,86,49,0.0,mist
30,Maceio,BR,-9.6658,-35.7353,87.24,58,40,14.97,scattered clouds
31,Gamba,GA,-2.65,10.0,78.85,76,100,5.46,overcast clouds
32,Varkaus,FI,62.3153,27.873,29.3,92,100,12.68,overcast clouds
33,Aasiaat,GL,68.7098,-52.8699,13.77,82,100,13.4,overcast clouds
34,Arrecife,ES,28.963,-13.5477,66.18,52,75,18.41,light rain
35,Otanche,CO,5.6567,-74.1825,79.54,55,45,3.76,scattered clouds
36,Cuxhaven,DE,53.8718,8.6909,37.6,81,75,6.91,broken clouds
37,Ribeira Grande,PT,38.5167,-28.7,61.2,72,75,11.99,broken clouds
38,Salalah,OM,17.0151,54.0924,74.62,35,80,14.88,broken clouds
39,Novorzhev,RU,57.0294,29.3338,18.54,95,13,5.73,few clouds
40,Abha,SA,18.2164,42.5053,62.42,67,20,9.22,few clouds
41,Lasa,IT,46.6166,10.7002,33.37,93,62,4.56,broken clouds
42,East London,ZA,-33.0153,27.9116,74.34,68,0,26.46,clear sky
43,Rorvik,NO,64.8621,11.2373,37.51,65,75,23.02,broken clouds
44,Goundam,ML,16.4145,-3.6708,77.99,6,90,11.07,overcast clouds
45,De Aar,ZA,-30.6497,24.0123,90.18,11,6,27.47,clear sky
46,Coquimbo,CL,-29.9533,-71.3436,69.66,67,0,6.11,clear sky
47,Jalu,LY,29.0331,21.5482,61.21,34,34,7.54,scattered clouds
48,Qaanaaq,GL,77.484,-69.3632,-5.13,62,5,8.03,clear sky
49,Vestmanna,FO,62.1564,-7.1664,41.92,87,100,13.8,overcast clouds
50,Gewane,ET,10.1664,40.6453,85.62,31,12,9.4,few clouds
51,Bayan,CN,46.0833,127.4,-13.59,98,98,3.2,overcast clouds
52,Clyde River,CA,70.4692,-68.5914,-3.77,77,100,24.16,overcast clouds
53,Piacabucu,BR,-10.4056,-36.4344,86.49,52,6,13.35,clear sky
54,Mahebourg,MU,-20.4081,57.7,79.25,84,79,4.12,broken clouds
55,Saint-Philippe,RE,-21.3585,55.7679,80.19,90,100,1.95,light rain
56,Nuuk,GL,64.1835,-51.7216,16.41,86,100,20.71,snow
57,Shelburne,CA,44.0787,-80.2041,27.9,78,53,11.27,broken clouds
58,Coihaique,CL,-45.5752,-72.0662,64.2,66,89,10.38,overcast clouds
59,Saint George,US,37.1041,-113.5841,42.76,52,2,0.98,clear sky
60,Cornelio Procopio,BR,-23.1811,-50.6467,86.31,51,5,2.04,clear sky
61,Ilulissat,GL,69.2167,-51.1,15.82,73,75,11.5,broken clouds
62,Bam,IR,29.106,58.357,40.95,71,97,2.75,overcast clouds
63,Bambous Virieux,MU,-20.3428,57.7575,79.21,84,81,4.74,light rain
64,Buchanan,LR,5.8808,-10.0467,83.37,66,63,9.57,broken clouds
65,Lunenburg,CA,44.3835,-64.3155,37.09,77,58,11.65,broken clouds
66,Pisco,PE,-13.7,-76.2167,77.18,65,85,7.76,overcast clouds
67,Arraial Do Cabo,BR,-22.9661,-42.0278,85.86,74,0,12.66,clear sky
68,Upernavik,GL,72.7868,-56.1549,-2.49,93,100,3.49,overcast clouds
69,Porto Walter,BR,-8.2686,-72.7439,91.94,41,97,4.54,overcast clouds
70,Comodoro Rivadavia,AR,-45.8667,-67.5,73.62,42,0,4.38,clear sky
71,Punta Arenas,CL,-53.15,-70.9167,59.11,47,40,42.57,scattered clouds
72,Wellington,NZ,-41.2866,174.7756,65.59,99,100,13.8,overcast clouds
73,San Ramon,US,37.7799,-121.978,46.81,93,100,4.61,fog
74,Nalut,LY,30.3333,10.85,52.5,24,0,9.4,clear sky
75,Paratinga,BR,-12.6906,-43.1842,86.5,50,57,1.36,broken clouds
76,Port Alfred,ZA,-33.5906,26.891,69.19,87,36,5.01,light rain
77,Busselton,AU,-33.65,115.3333,58.71,70,24,14.92,few clouds
78,Cidreira,BR,-30.1811,-50.2056,82.58,68,27,10.38,scattered clouds
79,Bartica,GY,6.4,-58.6167,85.68,49,21,3.67,few clouds
80,San Rafael,AR,-34.6177,-68.3301,85.75,29,0,9.66,clear sky
81,Belmonte,BR,-15.8631,-38.8828,81.64,72,29,7.83,moderate rain
82,Goderich,CA,43.7501,-81.7165,29.91,74,100,15.59,overcast clouds
83,Ondjiva,AO,-17.0667,15.7333,80.98,52,76,4.45,broken clouds
84,Brae,GB,60.3964,-1.353,45.27,76,100,16.35,overcast clouds
85,Victoria,HK,22.2855,114.1577,57.25,29,29,11.99,scattered clouds
86,Antalaha,MG,-14.9003,50.2788,78.48,90,44,5.21,scattered clouds
87,Luderitz,NA,-26.6481,15.1594,74.79,59,0,31.23,clear sky
88,Klaksvik,FO,62.2266,-6.589,43.72,84,100,23.87,overcast clouds
89,Olafsvik,IS,64.8945,-23.7142,40.87,87,73,19.91,broken clouds
90,Atar,MR,20.5169,-13.0499,73.51,23,77,12.55,broken clouds
91,Tortoli,IT,39.9256,9.6572,48.22,76,100,3.6,overcast clouds
92,Samfya,ZM,-11.3649,29.5565,68.79,88,100,4.99,moderate rain
93,Hammerfest,NO,70.6634,23.6821,36.05,69,75,18.41,broken clouds
94,Sayyan,YE,15.1718,44.3244,54.21,64,48,5.39,scattered clouds
95,Castro,BR,-24.7911,-50.0119,82.47,48,0,3.69,clear sky
96,Dhidhdhoo,MV,6.8833,73.1,80.55,75,6,5.26,clear sky
97,Kapoeta,SS,4.7717,33.5903,91.15,21,3,16.4,clear sky
98,Bathsheba,BB,13.2167,-59.5167,78.82,61,83,16.62,broken clouds
99,Sao Joao Da Barra,BR,-21.6403,-41.0511,80.49,77,66,10.07,broken clouds
100,Faya,SA,18.3851,42.4509,58.21,56,3,5.91,clear sky
101,Sangin,AF,32.0728,64.8359,43.7,58,99,3.24,overcast clouds
102,Belaguntha,IN,19.8833,84.65,69.89,74,0,2.06,clear sky
103,Longyearbyen,SJ,78.2186,15.6401,22.84,74,40,16.11,light snow
104,Platonovka,RU,52.7106,41.952,15.96,91,100,5.95,overcast clouds
105,Ouro Preto Do Oeste,BR,-10.7481,-62.2158,79.0,87,100,4.16,light rain
106,Buraydah,SA,26.326,43.975,61.77,42,0,7.54,clear sky
107,Souillac,MU,-20.5167,57.5167,80.22,85,79,6.42,light rain
108,Fethiye,TR,36.6217,29.1164,55.27,83,14,2.19,few clouds
109,Kuryk,KZ,43.2,51.65,35.91,48,3,14.54,clear sky
110,Noyabrsk,RU,63.1994,75.4507,2.48,97,85,9.31,overcast clouds
111,Plotnikovo,RU,55.0247,85.9436,19.74,89,100,16.11,light snow
112,Obodivka,UA,48.4051,29.2477,26.26,62,74,12.57,broken clouds
113,Sao Felix Do Xingu,BR,-6.6447,-51.995,84.27,66,99,1.81,overcast clouds
114,Port Elizabeth,ZA,-33.918,25.5701,66.49,94,100,13.8,heavy intensity rain
115,Qasigiannguit,GL,68.8193,-51.1922,16.05,87,100,10.71,overcast clouds
116,Saldanha,ZA,-33.0117,17.9442,65.16,71,63,32.93,broken clouds
117,Dharmadam,IN,11.7833,75.4333,75.7,81,22,6.4,few clouds
118,Sao Filipe,CV,14.8961,-24.4956,75.88,66,44,11.68,scattered clouds
119,Jamestown,US,42.097,-79.2353,33.39,74,100,12.66,overcast clouds
120,Marzuq,YE,14.4,46.4667,65.66,58,90,6.33,overcast clouds
121,Guapi,CO,2.5708,-77.8854,81.73,78,85,5.01,light rain
122,Talnakh,RU,69.4865,88.3972,-1.61,96,99,6.85,overcast clouds
123,Besancon,FR,47.2488,6.0182,34.79,71,88,9.6,overcast clouds
124,Carnarvon,AU,-24.8667,113.6333,75.81,75,0,18.57,clear sky
125,Umm Lajj,SA,25.0213,37.2685,75.78,66,1,2.35,clear sky
126,Ponta Delgada,PT,37.7333,-25.6667,59.72,67,40,14.97,scattered clouds
127,Torbay,CA,47.6666,-52.7314,31.75,65,8,3.0,clear sky
128,Halifax,CA,44.6453,-63.5724,39.22,74,64,12.66,broken clouds
129,Henties Bay,NA,-22.116,14.2845,67.03,80,45,10.67,scattered clouds
130,Mehamn,NO,71.0357,27.8492,33.71,80,100,9.22,overcast clouds
131,Kigoma,TZ,-4.8769,29.6267,77.95,73,30,6.96,scattered clouds
132,Gorele,TR,41.0308,39.0031,51.08,68,100,3.4,overcast clouds
133,Beaupre,CA,47.0443,-70.8953,31.66,97,100,8.55,snow
134,Chavakkad,IN,10.5333,76.05,77.11,79,2,6.53,clear sky
135,Vila Franca Do Campo,PT,37.7167,-25.4333,59.41,69,62,11.61,broken clouds
136,Birao,CF,10.2849,22.7882,91.85,9,99,5.23,overcast clouds
137,Antofagasta,CL,-23.65,-70.4,72.68,70,65,9.44,broken clouds
138,Camopi,GF,3.1655,-52.3158,82.09,66,98,3.71,overcast clouds
139,Rabat,MA,33.9911,-6.8401,56.16,60,40,9.22,scattered clouds
140,Georgetown,MY,5.4112,100.3354,81.23,79,20,6.91,few clouds
141,Oak Ridge,US,36.0104,-84.2696,51.46,60,11,1.01,few clouds
142,Halkirk,CA,52.2834,-112.1518,-3.73,92,97,13.24,overcast clouds
143,Kasane,BW,-17.8167,25.15,74.95,81,85,4.18,moderate rain
144,Envira,BR,-7.3,-70.2167,81.28,75,100,4.41,overcast clouds
145,Bajil,YE,15.0584,43.2851,78.96,62,82,7.27,broken clouds
146,Fershampenuaz,RU,53.5202,59.8117,7.36,93,16,6.51,few clouds
147,Mogadouro,PT,41.3403,-6.7119,47.25,55,27,8.72,scattered clouds
148,Inongo,CD,-1.95,18.2667,80.26,65,21,4.32,few clouds
149,Port-Cartier,CA,50.0334,-66.8654,23.76,92,100,6.38,light snow
150,Paamiut,GL,61.994,-49.6678,18.82,88,100,27.45,light snow
151,Richards Bay,ZA,-28.783,32.0377,79.65,77,0,9.69,clear sky
152,Warri,NG,5.5167,5.75,85.95,62,100,11.95,light rain
153,Camacha,PT,33.0833,-16.3333,60.22,55,40,17.27,scattered clouds
154,Belyy Yar,RU,53.6039,91.3903,30.09,57,0,17.9,clear sky
155,Leh,IN,34.1667,77.5833,14.04,75,99,3.18,overcast clouds
156,Uglich,RU,57.5275,38.3317,3.76,100,47,4.07,scattered clouds
157,Barabinsk,RU,55.3571,78.357,13.66,94,100,15.12,light snow
158,Campo Verde,BR,-20.4167,-54.0667,82.58,65,59,8.84,broken clouds
159,Tatarsk,RU,55.219,75.9828,16.29,93,100,13.29,overcast clouds
160,Pombas,CV,17.1503,-25.0201,69.21,72,30,16.22,scattered clouds
161,Lagos,NG,6.5833,3.75,86.9,62,86,11.36,overcast clouds
162,The Valley,AI,18.217,-63.0578,78.94,65,40,11.5,scattered clouds
163,Balkanabat,TM,39.5108,54.3671,38.7,44,0,7.49,clear sky
164,Bad Goisern,AT,47.6425,13.6161,29.88,95,100,3.02,overcast clouds
165,Ostrovnoy,RU,68.0531,39.5131,28.27,87,100,27.36,overcast clouds
166,Westerland,DE,54.9079,8.3033,42.82,93,100,13.8,mist
167,Timra,SE,62.487,17.3257,20.88,86,14,2.3,few clouds
168,Behbahan,IR,30.5959,50.2417,53.69,51,1,6.78,clear sky
169,Palasa,IN,18.7667,84.4167,70.61,82,0,2.77,clear sky
170,Teguise,ES,29.0605,-13.564,62.82,52,75,18.41,light rain
171,Madimba,TZ,-10.4,40.3333,79.43,78,20,10.42,few clouds
172,Tazovskiy,RU,67.4667,78.7,2.95,97,100,2.35,overcast clouds
173,Walvis Bay,NA,-22.9575,14.5053,67.08,74,31,11.88,scattered clouds
174,Carndonagh,IE,55.25,-7.2667,46.26,77,100,6.08,overcast clouds
175,Muisne,EC,0.6,-80.0333,79.83,80,99,8.12,light rain
176,Asfi,MA,32.2994,-9.2372,58.75,50,74,13.98,broken clouds
177,Lahij,YE,13.1667,44.5833,71.17,79,90,9.22,overcast clouds
178,Maxixe,MZ,-23.8597,35.3472,82.47,68,9,14.63,clear sky
179,Polkowice,PL,51.5039,16.0726,24.76,87,39,3.74,scattered clouds
180,Rio Grande,BR,-32.035,-52.0986,84.52,63,73,8.93,light rain
181,Grand Gaube,MU,-20.0064,57.6608,79.38,82,79,7.74,light rain
182,Struer,DK,56.4912,8.5838,42.06,80,100,13.22,overcast clouds
183,Mao,ES,39.8885,4.2658,46.96,71,40,20.71,scattered clouds
184,Gualaquiza,EC,-3.4,-78.55,78.75,49,99,1.99,overcast clouds
185,Lucapa,AO,-8.4192,20.7447,72.23,83,100,2.55,overcast clouds
186,Codrington,AU,-38.2667,141.9667,59.85,95,100,3.58,light rain
187,Svetlyy,RU,54.675,20.1347,32.05,78,98,6.71,overcast clouds
188,Joaima,BR,-16.6542,-41.0306,85.73,59,94,1.95,overcast clouds
189,Bonthe,SL,7.5264,-12.505,85.62,64,61,12.08,broken clouds
190,Umm Bab,QA,25.2142,50.8072,61.93,55,0,14.76,clear sky
191,Ati,TD,13.2154,18.3353,94.28,8,68,7.05,broken clouds
192,Takoradi,GH,4.8845,-1.7554,84.13,71,98,14.54,overcast clouds
193,Khor,RU,47.8861,134.9464,-36.49,100,28,2.51,scattered clouds
194,Kudahuvadhoo,MV,2.6708,72.8944,81.03,73,93,11.99,overcast clouds
195,Ponferrada,ES,42.5466,-6.5962,48.22,46,48,1.99,scattered clouds
196,Namibe,AO,-15.1961,12.1522,78.08,75,99,11.01,overcast clouds
197,Kyabe,TD,9.4515,18.9449,97.45,9,88,4.27,overcast clouds
198,Anapskaya,RU,44.89,37.38,50.23,81,40,15.66,scattered clouds
199,Marawi,PH,7.9986,124.2928,67.8,97,84,1.77,broken clouds
200,Caravelas,BR,-17.7125,-39.2481,86.47,57,87,11.05,overcast clouds
201,Friesach,AT,46.9553,14.4058,35.2,88,100,3.62,overcast clouds
202,Sabha,LY,27.0377,14.4283,58.57,19,0,7.36,clear sky
203,Saint Anthony,US,45.0205,-93.218,4.3,73,0,10.36,clear sky
204,Tamandare,BR,-8.7597,-35.1047,85.33,53,34,11.01,scattered clouds
205,Puerto Ayacucho,VE,5.6639,-67.6236,90.43,37,7,7.9,clear sky
206,Bonavista,CA,48.6499,-53.1147,25.86,59,42,0.94,scattered clouds
207,Sinnamary,GF,5.3833,-52.95,79.56,69,95,8.5,overcast clouds
208,Morondava,MG,-20.2833,44.2833,83.55,74,73,17.4,broken clouds
209,Firozpur Jhirka,IN,27.8,76.95,54.05,40,0,1.7,clear sky
210,Los Algarrobos,PA,8.5,-82.4333,88.21,40,20,24.16,few clouds
211,Port Antonio,JM,18.18,-76.4612,89.51,67,92,18.48,overcast clouds
212,Mecca,SA,21.4267,39.8261,79.43,45,1,9.4,clear sky
213,Marystown,CA,47.1666,-55.1483,29.71,56,23,6.13,few clouds
214,Aripuana,BR,-9.1667,-60.6333,81.84,70,100,0.49,overcast clouds
215,Los Llanos De Aridane,ES,28.6585,-17.9182,60.55,81,75,11.5,broken clouds
216,Lokosovo,RU,61.1333,74.8167,2.19,96,65,8.01,broken clouds
217,Gat,IL,31.61,34.7642,66.81,39,13,5.86,few clouds
218,Johnson City,US,36.3134,-82.3535,48.88,54,0,4.61,clear sky
219,Bengkulu,ID,-3.8004,102.2655,76.39,89,100,10.56,light rain
220,Narsaq,GL,60.9167,-46.05,25.02,67,100,22.59,overcast clouds
221,Gdov,RU,58.7406,27.8122,23.88,88,95,13.31,overcast clouds
222,Ghanzi,BW,-21.5667,21.7833,92.95,17,17,9.57,few clouds
223,Macau,MO,22.2006,113.5461,56.93,41,0,12.66,clear sky
224,San Rafael Del Sur,NI,11.8485,-86.4384,81.91,55,58,18.92,broken clouds
225,Inhuma,BR,-6.6683,-41.7078,84.29,55,57,1.59,broken clouds
226,Dikson,RU,73.5069,80.5464,-10.88,96,100,8.77,overcast clouds
227,Kargopol,RU,61.5071,38.9456,17.78,91,100,11.03,overcast clouds
228,Dubrovnik,HR,42.6481,18.0922,51.44,57,75,6.91,broken clouds
229,Hashtrud,IR,37.4779,47.0508,21.09,83,97,0.43,overcast clouds
230,Moussoro,TD,13.6408,16.4901,94.3,8,100,4.63,overcast clouds
231,Micheweni,TZ,-4.9667,39.8333,79.84,74,0,16.93,clear sky
232,Tirumullaivasal,IN,11.2333,79.8333,75.63,77,12,11.54,few clouds
233,Qandala,SO,11.472,49.8728,75.9,77,17,10.18,few clouds
234,Wadsworth,US,41.0256,-81.7299,37.94,69,100,5.99,overcast clouds
235,Korla,CN,41.7597,86.1469,16.47,71,0,1.07,clear sky
236,Calbuco,CL,-41.768,-73.1273,70.81,64,2,6.91,clear sky
237,Laguna,US,38.421,-121.4238,45.09,96,0,0.0,mist
238,Shush,IR,32.1942,48.2436,57.74,33,10,5.86,clear sky
239,Kuybyshevo,RU,47.8123,38.9073,34.07,78,100,13.29,overcast clouds
240,Husavik,IS,66.0449,-17.3389,36.52,91,100,13.53,light rain
241,Plettenberg Bay,ZA,-34.0527,23.3716,63.54,86,100,14.63,moderate rain
242,Acarau,BR,-2.8856,-40.12,86.4,61,28,16.11,scattered clouds
243,Vetralla,IT,42.3098,12.0784,43.18,66,95,6.26,overcast clouds
244,Selma,US,36.5708,-119.6121,39.72,100,0,0.0,mist
245,Havre-Saint-Pierre,CA,50.2334,-63.5986,10.76,79,100,10.36,overcast clouds
246,Iquique,CL,-20.2208,-70.1431,75.24,72,31,6.82,scattered clouds
247,Filadelfia,US,39.9523,-75.1638,50.41,51,75,11.5,broken clouds
248,Waw,SS,7.7029,27.9953,91.94,14,53,3.42,broken clouds
249,Qaqortoq,GL,60.7167,-46.0333,22.53,74,100,34.14,overcast clouds
250,Mayor Pablo Lagerenza,PY,-19.9309,-60.7718,99.19,32,83,5.23,broken clouds
251,Havoysund,NO,70.9963,24.6622,34.03,79,98,20.85,snow
252,Westport,US,41.1415,-73.3579,49.1,57,0,14.97,clear sky
253,Tumaco,CO,1.7986,-78.8156,82.17,74,73,10.89,light rain
254,Lisala,CD,2.15,21.5167,92.77,30,95,2.15,overcast clouds
255,Sur,OM,22.5667,59.5289,68.72,71,36,20.49,scattered clouds
256,Lebu,CL,-37.6167,-73.65,64.78,63,0,19.51,clear sky
257,Skjervoy,NO,70.0311,20.9714,28.4,69,99,23.55,light snow
258,Pietermaritzburg,ZA,-29.6168,30.3928,77.22,73,5,12.3,light rain
259,Robertsport,LR,6.7533,-11.3686,81.63,77,22,11.07,few clouds
260,Isla Mujeres,MX,21.2311,-86.731,78.85,75,84,16.06,broken clouds
261,Birjand,IR,32.8663,59.2211,33.1,81,99,7.38,overcast clouds
262,Adrar,MR,20.5022,-10.0711,69.26,26,31,11.03,scattered clouds
263,Naryan-Mar,RU,67.6713,53.087,14.14,96,99,7.67,overcast clouds
264,Goshen,US,41.5823,-85.8344,27.48,77,100,8.05,overcast clouds
265,Grindavik,IS,63.8424,-22.4338,41.47,93,75,21.85,broken clouds
266,Taltal,CL,-25.4,-70.4833,71.91,72,25,6.67,scattered clouds
267,Vila Velha,BR,-20.3297,-40.2925,85.95,76,17,5.01,few clouds
268,Labe,GN,11.3182,-12.2833,88.77,13,89,4.81,overcast clouds
269,Valdivia,CL,-39.8142,-73.2459,77.09,33,0,4.74,clear sky
270,Vieques,PR,18.425,-65.8329,82.42,51,40,20.71,scattered clouds
271,Huntington,US,38.4193,-82.4452,49.53,50,0,8.05,clear sky
272,Saint-Georges,GD,12.0564,-61.7485,77.94,67,15,7.99,light rain
273,Luena,AO,-11.7833,19.9167,67.75,88,100,4.14,light rain
274,Ruwi,OM,23.5996,58.5507,67.69,68,36,9.17,scattered clouds
275,Nouadhibou,MR,20.931,-17.0347,66.42,65,100,14.79,overcast clouds
276,Bay Roberts,CA,47.5999,-53.2648,32.5,59,17,4.0,few clouds
277,Aksarka,RU,66.5606,67.7975,0.63,99,99,3.13,overcast clouds
278,Matara,LK,5.9485,80.5353,74.44,85,100,4.36,overcast clouds
279,Quatre Cocos,MU,-20.2078,57.7625,79.09,84,83,6.49,light rain
280,Cervo,ES,43.6702,-7.4101,49.96,68,100,16.93,overcast clouds
281,Uruzgan,AF,32.8333,66.0,31.17,95,100,1.88,light snow
282,Chuy,UY,-33.6971,-53.4616,81.18,60,97,4.9,overcast clouds
283,Nizhnyaya Tavda,RU,57.6731,66.1725,16.83,93,92,5.88,overcast clouds
284,Joshimath,IN,30.5667,79.5667,41.36,36,0,9.95,clear sky
285,Copiapo,CL,-27.3667,-70.3333,67.69,38,18,7.36,few clouds
286,Opuwo,NA,-18.0607,13.84,80.74,42,96,16.35,overcast clouds
287,Dingle,PH,10.9995,122.6711,74.25,93,94,12.1,overcast clouds
288,Praia Da Vitoria,PT,38.7333,-27.0667,61.75,73,82,9.48,broken clouds
289,Vestmannaeyjar,IS,63.4427,-20.2734,45.59,87,75,17.27,broken clouds
290,Mizdah,LY,31.4451,12.9801,52.05,26,2,11.1,clear sky
291,Emba,KZ,48.8264,58.1442,7.79,99,92,2.91,overcast clouds
292,Mezen,RU,65.8522,44.24,25.39,95,100,11.61,light snow
293,Bilma,NE,18.6853,12.9164,88.79,8,100,8.43,overcast clouds
294,Rocha,UY,-34.4833,-54.3333,90.36,40,92,6.06,overcast clouds
295,Nebolchi,RU,59.1239,33.3454,20.7,91,100,9.89,overcast clouds
296,Luanda,AO,-8.8368,13.2343,84.2,70,40,8.05,scattered clouds
297,Surt,LY,31.2089,16.5887,59.36,33,0,8.86,clear sky
298,Den Helder,NL,52.9599,4.7593,42.03,76,100,5.01,overcast clouds
299,Pangnirtung,CA,66.1451,-65.7125,-31.0,68,20,2.3,few clouds
300,Mindelo,CV,16.8901,-24.9804,70.65,73,27,22.03,scattered clouds
301,Krasnoshchekovo,RU,51.6708,82.7289,20.41,61,0,13.78,clear sky
302,Mitsamiouli,KM,-11.3847,43.2844,81.27,80,9,8.14,clear sky
303,Vila Do Maio,CV,15.1333,-23.2167,77.79,69,36,19.48,scattered clouds
304,Aksu,CN,41.1231,80.2644,10.51,90,73,4.45,broken clouds
305,Saint-Joseph,RE,-21.3667,55.6167,79.18,89,100,2.66,light rain
306,Thompson,CA,55.7435,-97.8558,-16.04,93,88,8.5,overcast clouds
307,Cockburn Town,TC,21.4612,-71.1419,76.64,61,95,19.62,overcast clouds
308,Iranshahr,IR,27.2025,60.6848,52.2,72,91,6.06,light rain
309,Virginia Beach,US,36.8529,-75.978,52.03,47,20,8.05,few clouds
310,Senador Guiomard,BR,-10.1522,-67.7392,82.15,85,99,6.17,overcast clouds
311,Novobelokatay,RU,55.7062,58.9549,12.04,96,97,7.76,overcast clouds
312,Bakau,GM,13.4781,-16.6819,100.54,16,0,6.91,clear sky
313,Longavi,CL,-35.9667,-71.6833,87.31,14,0,8.25,clear sky
314,Okitipupa,NG,6.5047,4.7839,87.08,57,100,9.24,overcast clouds
315,Pedernales,DO,18.0384,-71.744,80.28,59,39,6.38,scattered clouds
316,Tsabong,BW,-26.0217,22.401,92.19,23,79,4.45,broken clouds
317,Rajpipla,IN,21.8667,73.5,75.92,42,50,4.27,scattered clouds
318,Bulawayo,ZW,-20.15,28.5833,84.25,25,12,2.17,few clouds
319,Mzimba,MW,-11.9,33.6,67.03,91,100,2.93,overcast clouds
320,Kuytun,RU,54.3419,101.5036,17.96,96,100,6.89,light snow
321,Penzance,GB,50.1186,-5.5371,43.77,74,64,5.17,broken clouds
322,Liverpool,GB,53.4106,-2.9779,46.44,91,100,10.36,overcast clouds
323,Merritt Island,US,28.5392,-80.672,72.09,58,75,12.66,broken clouds
324,Lubao,PH,14.9167,120.55,75.27,78,81,10.4,broken clouds
325,Guider,CM,9.9342,13.9486,98.08,9,97,5.91,overcast clouds
326,Puerto Baquerizo Moreno,EC,-0.9,-89.6,81.59,78,40,6.91,scattered clouds
327,Saint-Louis,SN,16.3333,-15.0,87.06,6,66,13.42,broken clouds
328,Kedrovyy,RU,56.1667,91.8167,19.87,94,100,10.71,light snow
329,Quelimane,MZ,-17.8786,36.8883,80.62,78,80,8.23,broken clouds
330,Marsa Matruh,EG,31.3525,27.2453,61.43,54,53,7.83,broken clouds
331,Roald,NO,62.5833,6.1333,43.32,65,75,13.8,broken clouds
332,Villamontes,BO,-21.25,-63.5,85.59,68,100,4.14,overcast clouds
333,Zavoronezhskoye,RU,52.8801,40.5526,13.53,95,69,4.12,broken clouds
334,Nanticoke,US,41.2054,-76.0049,46.29,57,59,3.0,broken clouds
335,Rawson,AR,-43.3002,-65.1023,78.98,29,1,6.58,clear sky
336,Oktyabrskoye,RU,43.0645,44.7417,24.94,93,100,4.47,overcast clouds
337,Kattivakkam,IN,13.2167,80.3167,80.69,72,31,8.93,scattered clouds
338,Ormara,PK,25.2088,64.6357,69.19,41,99,11.81,overcast clouds
339,Moose Factory,CA,51.2585,-80.6094,-13.92,88,100,11.34,overcast clouds
340,Bubaque,GW,11.2833,-15.8333,77.9,73,70,13.04,broken clouds
341,Kralendijk,BQ,12.15,-68.2667,78.78,83,75,12.66,broken clouds
342,Kyzyl-Suu,KG,42.3414,78.0056,20.88,61,98,6.87,overcast clouds
343,Anloga,GH,5.7947,0.8973,83.19,76,96,18.25,overcast clouds
344,Tingi,TZ,-11.3,35.0333,67.91,88,98,1.74,light rain
345,Araouane,ML,18.9048,-3.5265,70.36,7,81,10.04,broken clouds
346,Nanortalik,GL,60.1432,-45.2371,25.09,79,100,36.62,overcast clouds
347,Kamenka,RU,51.3223,42.7678,15.85,89,68,6.44,broken clouds
348,Lucea,JM,18.451,-78.1736,83.86,63,66,23.42,broken clouds
349,Raga,SS,8.4596,25.678,90.21,15,7,4.54,clear sky
350,Anori,BR,-3.7728,-61.6442,82.17,78,87,4.23,overcast clouds
351,Jijiga,ET,9.35,42.8,70.63,48,42,14.97,scattered clouds
352,Uyuni,BO,-20.4597,-66.825,63.95,30,97,15.64,overcast clouds
353,Kumluca,TR,36.3703,30.2869,56.17,77,31,4.05,scattered clouds
354,Tarko-Sale,RU,64.9225,77.785,-1.34,100,77,8.55,broken clouds
355,Skibbereen,IE,51.55,-9.2667,48.11,93,91,5.01,overcast clouds
356,Priekule,LV,56.4468,21.5897,34.92,76,96,10.13,overcast clouds
357,Beyneu,KZ,45.3167,55.2,29.53,51,1,9.84,clear sky
358,Murgab,TM,37.4966,61.9714,36.61,67,93,9.35,overcast clouds
359,Muriti,TZ,-1.9833,32.9167,74.86,71,1,10.27,clear sky
360,Omboue,GA,-1.5746,9.2618,83.1,66,98,6.24,overcast clouds
361,Sumbe,AO,-11.2061,13.8437,82.38,71,99,9.89,overcast clouds
362,San Ignacio,BZ,17.1561,-89.0714,77.29,75,94,3.22,overcast clouds
363,Tvoroyri,FO,61.5556,-6.8111,44.91,82,100,29.42,overcast clouds
364,Libreville,GA,0.3925,9.4537,83.7,59,43,7.47,scattered clouds
365,Ankazoabo,MG,-22.2833,44.5167,72.82,94,94,15.43,light rain
366,Bosaso,SO,11.2842,49.1816,76.44,74,15,11.92,few clouds
367,Cabedelo,BR,-6.9811,-34.8339,86.67,58,9,15.14,clear sky
368,Praia,CV,14.9215,-23.5087,77.54,65,0,25.32,clear sky
369,Berbera,SO,10.4396,45.0143,77.56,74,22,16.08,few clouds
370,Maicao,CO,11.3832,-72.2432,83.21,48,21,17.58,few clouds
371,Tessalit,ML,20.1986,1.0114,67.78,7,81,11.14,broken clouds
372,Rassvet,RU,46.8333,40.75,35.55,75,100,15.03,overcast clouds
373,Axim,GH,4.8699,-2.2405,84.04,72,99,12.62,overcast clouds
374,San Carlos De Bariloche,AR,-41.1456,-71.3082,69.24,46,0,4.07,clear sky
375,Annau,TM,37.8876,58.516,38.03,60,8,5.97,clear sky
376,Marsh Harbour,BS,26.5412,-77.0636,71.08,71,93,20.98,overcast clouds
377,Ancud,CL,-41.8697,-73.8203,64.06,60,30,6.55,scattered clouds
378,Peniche,PT,39.3558,-9.3811,56.1,57,0,13.96,clear sky
379,Trois-Rivieres,CA,46.3501,-72.5491,32.49,94,100,14.97,light snow
380,Parfino,RU,57.9731,31.6481,16.48,97,71,5.88,broken clouds
381,Parsabad,IR,39.6482,47.9174,42.33,59,100,2.89,overcast clouds
382,Canutama,BR,-6.5339,-64.3831,76.33,93,100,1.52,overcast clouds
383,Iqaluit,CA,63.7506,-68.5145,-43.02,88,22,3.27,few clouds
384,Raudeberg,NO,61.9875,5.1352,39.96,26,99,11.52,light rain
385,La Cruz,MX,23.9167,-106.9,69.76,69,100,0.98,overcast clouds
386,Minab,IR,27.1467,57.0801,62.4,62,0,1.14,clear sky
387,Port Maria,JM,18.3685,-76.8895,89.56,73,91,20.07,overcast clouds
388,Saint-Francois,FR,46.4154,3.9054,36.84,73,100,8.05,overcast clouds
389,Leua,SK,48.2156,18.6071,37.49,72,97,4.34,overcast clouds
390,Almonte,ES,37.2647,-6.5167,55.44,37,1,11.79,clear sky
391,Gopamau,IN,27.55,80.2833,56.98,47,0,6.2,clear sky
392,Najran,SA,17.4924,44.1277,61.43,60,3,10.83,clear sky
393,Le Vauclin,MQ,14.5452,-60.8388,82.45,54,7,12.66,clear sky
394,Mehran,IR,33.1222,46.1646,55.63,34,46,2.82,scattered clouds
395,Shubarkuduk,KZ,49.1447,56.4872,8.83,98,34,4.38,scattered clouds
396,Kaberamaido,UG,1.7389,33.1594,81.52,21,4,2.68,clear sky
397,Puerto Carreno,CO,6.189,-67.4859,89.67,36,19,12.91,few clouds
398,Fenoarivo,MG,-18.933,47.4354,68.07,100,75,5.75,light intensity drizzle rain
399,Beamsville,CA,43.1668,-79.4829,35.94,71,82,8.01,broken clouds
400,Yurkivka,UA,49.0126,31.1013,29.44,63,99,11.16,overcast clouds
401,Longonjo,AO,-12.9067,15.2533,67.64,76,100,0.78,overcast clouds
402,Majdanpek,RS,44.4277,21.946,32.2,97,100,7.99,light snow
403,Ilebo,CD,-4.3167,20.5833,84.76,60,69,1.7,broken clouds
404,La Paz,BO,-16.5,-68.15,55.38,71,75,6.91,broken clouds
405,Savonlinna,FI,61.8699,28.88,28.45,93,100,17.27,snow
406,Aden,YE,12.7794,45.0367,76.86,76,9,16.04,clear sky
407,Salta,AR,-24.7859,-65.4117,68.58,90,100,4.0,overcast clouds
408,Mirnyy,RU,62.5353,113.9611,-32.75,100,99,2.55,overcast clouds
409,Novyy Yegorlyk,RU,46.3927,41.8716,36.7,80,100,15.99,overcast clouds
410,La Motte-Servolex,FR,45.5942,5.8758,37.74,71,100,10.36,overcast clouds
411,Korsakovo,RU,53.2677,37.3569,22.15,93,11,4.85,few clouds
412,Meulaboh,ID,4.1363,96.1285,75.72,89,99,5.06,overcast clouds
413,Batavia,US,41.85,-88.3126,24.01,76,100,4.61,haze
414,Zabol,AF,32.25,67.25,30.22,95,100,8.88,light snow
415,Lugoba,TZ,-6.45,38.3333,77.92,68,1,8.75,clear sky
416,Cumberland,US,35.0502,-78.8664,54.48,50,0,3.44,clear sky
417,Mamlyutka,KZ,54.9375,68.5394,14.65,94,95,11.95,overcast clouds
418,Kingisepp,RU,59.3733,28.6134,25.23,86,96,11.23,overcast clouds
419,San Cristobal,VE,7.7669,-72.225,73.58,44,49,4.54,scattered clouds
420,Shabqadar,PK,34.2139,71.5552,53.82,31,100,8.68,overcast clouds
421,Bryanka,UA,48.511,38.6722,29.77,81,100,13.2,overcast clouds
422,Santiago Del Estero,AR,-27.7951,-64.2615,78.01,80,100,4.5,overcast clouds
423,Kutum,SD,14.2,24.6667,79.02,8,92,7.72,overcast clouds
424,Balkhash,KZ,46.844,74.9804,3.2,85,99,6.53,overcast clouds
425,Sakakah,SA,29.9697,40.2064,63.0,37,21,10.27,few clouds
426,Totma,RU,59.9747,42.7642,11.75,95,43,8.01,scattered clouds
427,Bataipora,BR,-22.2953,-53.2711,91.26,42,24,7.36,few clouds
428,Maniitsoq,GL,65.4167,-52.9,14.63,84,100,21.59,light snow
429,Beloha,MG,-25.1667,45.05,79.12,74,100,24.56,overcast clouds
430,Ambilobe,MG,-13.2,49.05,77.22,89,74,3.15,broken clouds
431,Tahta,EG,26.7693,31.5021,76.33,18,3,7.52,clear sky
432,Contamana,PE,-7.3333,-75.0167,94.51,34,75,5.53,broken clouds
433,Bani,DO,18.2833,-70.3333,76.86,44,22,15.14,few clouds
434,Moa,CU,20.6569,-74.9403,79.16,64,73,19.04,broken clouds
435,Bodden Town,KY,19.2833,-81.25,84.2,65,75,18.41,broken clouds
436,Boca Do Acre,BR,-8.7522,-67.3978,80.01,89,89,5.03,overcast clouds
437,Mangrol,IN,21.1167,70.1167,71.33,73,0,7.61,clear sky
438,Diamantino,BR,-14.4086,-56.4461,71.89,95,100,6.55,overcast clouds
439,Ipora,BR,-16.4419,-51.1178,71.49,88,100,2.93,overcast clouds
440,Konevo,RU,62.1215,39.3192,20.82,86,100,12.15,overcast clouds
441,Binga,ZW,-17.6203,27.3414,76.78,81,59,6.62,broken clouds
442,Dilla,ET,6.41,38.31,73.83,34,81,4.38,broken clouds
443,Bereda,ES,43.2686,-7.5406,42.15,100,78,8.3,broken clouds
444,Krasnoselkup,RU,65.7,82.4667,7.56,96,100,8.77,overcast clouds
445,Nyrob,RU,60.733,56.7202,8.2,97,100,5.59,overcast clouds
446,Cairo Montenotte,IT,44.4031,8.2746,44.69,47,21,6.53,few clouds
447,Morros,BR,-9.4467,-46.3003,86.49,47,98,4.38,overcast clouds
448,Bekovo,RU,52.4663,43.712,12.49,94,100,4.32,overcast clouds
449,Zile,TR,40.3031,35.8864,45.99,68,93,3.96,overcast clouds
450,Syamzha,RU,60.0158,41.0614,12.7,94,47,8.14,scattered clouds
451,Mahon,ES,39.8885,4.2658,46.96,71,40,20.71,scattered clouds
452,Serenje,ZM,-13.2325,30.2352,66.4,92,100,3.24,moderate rain
453,Mbigou,GA,-1.9005,11.906,76.77,73,94,3.56,light rain
454,Suez,EG,29.9737,32.5263,69.89,30,99,7.56,overcast clouds
455,Chadiza,ZM,-14.0678,32.4392,69.26,93,100,4.76,moderate rain
456,Ambovombe,MG,-25.1667,46.0833,84.04,57,100,16.04,overcast clouds
457,Glens Falls,US,43.3095,-73.644,43.18,64,0,6.91,clear sky
458,Nyimba,ZM,-14.5566,30.8149,73.26,92,100,1.54,light rain
459,Pastavy,BY,55.1168,26.8326,17.26,97,8,2.62,clear sky
460,Kaliyaganj,IN,25.6333,88.3167,63.34,44,0,7.72,clear sky
461,San Pedro De Macoris,DO,18.4616,-69.2972,81.21,64,79,18.03,broken clouds
462,Bhongir,IN,17.5108,78.8889,76.3,39,1,5.23,clear sky
463,Saint-Pierre,RE,-21.3393,55.4781,80.28,83,0,6.91,clear sky
464,Kanye,BW,-24.9667,25.3327,91.99,13,59,7.4,broken clouds
465,Natal,BR,-5.795,-35.2094,88.45,51,20,18.41,few clouds
466,Hassleholm,SE,56.1591,13.7664,35.38,90,99,10.09,overcast clouds
467,Usinsk,RU,65.9939,57.5281,10.69,96,96,10.96,light snow
468,Diego De Almagro,CL,-26.3667,-70.05,82.33,27,2,9.26,clear sky
469,Cayenne,GF,4.9333,-52.3333,78.84,78,100,2.3,mist
470,Marathon,US,44.9,-89.7668,9.64,76,0,5.75,clear sky
471,Rio Gallegos,AR,-51.6226,-69.2181,72.01,28,18,15.46,few clouds
472,Magugu,TZ,-4.0167,35.7667,80.33,27,0,4.99,clear sky
473,Benjamin Aceval,PY,-24.9667,-57.5667,96.94,25,67,6.62,broken clouds
474,San Ramon De La Nueva Oran,AR,-23.1322,-64.326,75.47,94,100,2.71,moderate rain
475,Eydhafushi,MV,5.1033,73.0708,80.46,76,5,11.48,clear sky
476,Chapais,CA,49.7834,-74.8492,6.58,89,100,14.29,overcast clouds
477,Taboga,IT,46.2663,13.1092,41.0,60,48,1.23,scattered clouds
478,Taoudenni,ML,22.6783,-3.9836,69.44,17,44,4.45,scattered clouds
479,Kronach,DE,50.2396,11.3331,30.54,77,85,5.7,overcast clouds
480,Ibra,OM,22.6906,58.5334,65.32,57,29,10.92,scattered clouds
481,Salinopolis,BR,-0.6136,-47.3561,81.9,72,95,8.1,overcast clouds
482,Ornskoldsvik,SE,63.2909,18.7153,32.95,74,20,10.36,few clouds
483,Hualmay,PE,-11.0964,-77.6139,75.83,70,33,9.57,scattered clouds
484,Langres,FR,47.8333,5.3333,34.2,80,100,12.5,overcast clouds
485,Likasi,CD,-10.9814,26.7333,67.21,94,83,4.25,light rain
486,Touros,BR,-5.1989,-35.4608,86.85,52,11,17.58,few clouds
487,Sept-Iles,CA,50.2001,-66.3821,24.06,88,100,5.01,light snow
488,Kidal,ML,18.4411,1.4078,74.97,4,49,12.5,scattered clouds
489,Chapleau,CA,47.8405,-83.4034,-3.77,86,66,5.82,broken clouds
490,El Alto,PE,-4.2714,-81.2147,85.66,64,97,6.04,overcast clouds
491,Uribia,CO,11.7139,-72.266,85.39,44,4,21.77,clear sky
492,Freeport,US,40.6576,-73.5832,50.25,54,0,13.8,clear sky
493,Uppsala,SE,60.0,17.75,31.44,86,97,2.3,overcast clouds
494,Ushtobe,KZ,45.2514,77.9838,4.96,93,7,2.84,clear sky
495,Mahajanga,MG,-15.7167,46.3167,80.53,80,78,7.29,broken clouds
496,Cehegin,ES,38.0924,-1.7985,46.98,39,5,7.18,clear sky
497,Lolodorf,CM,3.2333,10.7333,79.81,68,71,3.15,light rain
498,Konibodom,TJ,40.2843,70.4426,33.15,56,100,5.06,overcast clouds
499,Mpika,ZM,-11.8343,31.4529,64.13,95,99,4.59,moderate rain
500,Vadgaon,IN,20.9402,74.8712,79.52,24,0,8.14,clear sky
501,Illapel,CL,-31.6308,-71.1653,83.52,34,0,7.65,clear sky
502,Bandarbeyla,SO,9.4942,50.8122,75.87,75,46,20.62,scattered clouds
503,Santa Cruz,BO,-17.8,-63.1667,86.05,70,75,11.5,broken clouds
504,Summerside,CA,46.3959,-63.7876,32.68,70,96,14.5,overcast clouds
505,Agadez,NE,19.75,10.25,80.58,10,85,8.7,overcast clouds
506,La Macarena,CO,2.1837,-73.7849,89.89,31,9,8.28,clear sky
507,Solwezi,ZM,-12.1688,26.3894,64.85,94,95,5.41,moderate rain
508,Ballina,AU,-28.8667,153.5667,74.01,99,12,5.01,few clouds
509,Sjenica,RS,43.2731,19.9994,26.4,96,100,3.85,overcast clouds
510,Matay,EG,28.419,30.7792,71.56,14,85,9.13,overcast clouds
511,Dudinka,RU,69.4058,86.1778,1.33,96,96,8.21,overcast clouds
512,Arlit,NE,18.7369,7.3853,81.59,8,66,11.92,broken clouds
513,Galle,LK,6.0367,80.217,75.29,83,98,7.0,overcast clouds
514,Mavrovi Anovi,MK,41.7025,20.7564,27.82,87,99,3.91,overcast clouds
515,Lyantonde,UG,-0.4031,31.1572,75.99,51,35,8.81,scattered clouds
516,Katihar,IN,25.5333,87.5833,61.81,49,0,8.23,clear sky
517,Reconquista,AR,-29.15,-59.65,90.75,41,100,8.9,overcast clouds
518,Tashtagol,RU,52.7657,87.8894,0.05,95,58,1.19,broken clouds
519,Nioro,GM,13.35,-15.75,98.46,9,66,11.59,broken clouds
520,Paita,PE,-5.0892,-81.1144,76.24,68,99,7.31,overcast clouds
521,Limbe,CM,4.0242,9.2149,81.91,72,62,8.16,broken clouds
522,Krosno Odrzanskie,PL,52.0549,15.0988,31.66,78,98,3.04,overcast clouds
523,La Palma,US,33.8464,-118.0467,56.91,74,0,5.75,clear sky
524,Villarrica,PY,-25.75,-56.4333,102.4,24,40,5.68,scattered clouds
525,Bagli,IN,22.65,76.35,70.16,45,0,5.06,clear sky
526,Inirida,CO,3.8653,-67.9239,89.83,43,14,3.62,few clouds
527,Kashi,CN,39.4547,75.9797,14.36,89,98,2.71,overcast clouds
528,Tiznit,MA,29.5833,-9.5,54.79,44,2,13.49,clear sky
529,Calamar,CO,10.2511,-74.9146,87.17,42,3,3.06,clear sky
530,Bocas Del Toro,PA,9.3333,-82.25,75.76,76,99,4.61,light rain
531,Santa Maria,BR,-29.6842,-53.8069,101.01,22,72,6.22,broken clouds
532,Malanje,AO,-9.5402,16.341,69.73,86,100,3.13,moderate rain
533,Itaituba,BR,-4.2761,-55.9836,75.76,97,100,2.13,overcast clouds
534,Komsomolskiy,UZ,40.4272,71.7189,30.92,69,100,4.61,mist
535,Dire,ML,12.2833,-10.9667,98.1,10,90,5.79,overcast clouds
536,Stornoway,GB,58.2093,-6.3865,44.56,85,40,10.36,scattered clouds
537,Pocone,BR,-16.2567,-56.6228,81.45,74,95,10.94,overcast clouds
538,Rosario,AR,-32.9468,-60.6393,87.82,57,28,4.0,scattered clouds
539,Geraldton,AU,-28.7667,114.6,72.01,78,0,19.57,clear sky
540,Tahoua,NE,14.8888,5.2692,90.7,9,100,13.71,overcast clouds
541,Abu Samrah,SY,35.3029,37.1841,56.43,65,82,6.49,broken clouds
542,Kavaratti,IN,10.5669,72.642,80.15,72,5,9.91,clear sky
543,San Andres,CO,12.5847,-81.7006,86.02,58,20,18.41,light rain
544,Cartagena,CO,10.3997,-75.5144,89.22,51,20,2.3,few clouds
545,Aleysk,RU,52.4926,82.7822,13.53,75,0,18.59,clear sky
546,Keetmanshoop,NA,-26.5833,18.1333,94.62,15,15,20.49,few clouds
547,Ciudad Bolivar,VE,8.1222,-63.5497,86.83,43,11,11.74,few clouds
548,Forestville,US,38.8451,-76.875,50.31,50,20,9.22,few clouds
549,Saurimo,AO,-9.6608,20.3916,70.09,87,95,3.02,light rain
550,Mabaruma,GY,8.2,-59.7833,83.55,50,14,6.33,few clouds
551,Sao Jose Da Coroa Grande,BR,-8.8978,-35.1478,84.97,54,56,11.39,broken clouds
552,Novo Aripuana,BR,-5.1206,-60.3797,86.36,61,100,3.96,overcast clouds
553,Trojes,AL,41.756,19.962,45.09,75,18,7.56,few clouds
554,Male,MV,4.1748,73.5089,80.74,75,86,12.91,overcast clouds
555,Bibiani,GH,6.4635,-2.3194,94.86,30,37,3.67,scattered clouds
556,Tartus,SY,34.889,35.8866,60.8,78,98,10.65,overcast clouds
557,Prieska,ZA,-29.6641,22.7474,94.55,13,4,23.76,clear sky
558,Medenychi,UA,49.4305,23.7507,28.83,78,85,5.64,overcast clouds
559,Melfi,IT,40.9965,15.6514,40.5,91,98,3.89,overcast clouds
560,Yambio,SS,4.5721,28.3955,91.36,20,32,4.32,scattered clouds
561,Nantucket,US,41.2835,-70.0995,48.34,66,20,16.11,few clouds
562,Zwedru,LR,6.0667,-8.1281,86.09,53,74,7.2,broken clouds
563,Khash,IR,28.2211,61.2158,38.71,80,60,8.1,broken clouds
564,Malia,GR,35.2833,25.4667,61.83,78,70,4.45,broken clouds
565,Rundu,NA,-17.9333,19.7667,88.7,31,78,2.17,broken clouds
566,Yar-Sale,RU,66.8333,70.8333,2.25,95,100,7.29,overcast clouds
567,Bitkine,TD,11.9801,18.2138,94.42,9,94,7.18,overcast clouds
568,Santona,ES,43.4439,-3.4576,47.07,80,100,11.16,overcast clouds
569,Mana,GF,5.6592,-53.7767,78.96,70,63,7.81,light rain
570,Sardarpur,IN,22.678,74.9484,71.96,41,5,7.31,clear sky
571,Rafaela,AR,-31.2503,-61.4867,91.0,41,37,1.01,scattered clouds
572,Sioux Lookout,CA,50.1001,-91.917,-17.0,93,26,5.95,scattered clouds
573,El Carmen,CO,8.5106,-73.4478,74.7,64,33,5.17,scattered clouds
574,Lugazi,UG,0.3772,32.9197,73.92,55,1,4.85,clear sky
575,Okrika,NG,4.7416,7.0849,86.52,56,100,12.12,overcast clouds
576,Sambava,MG,-14.2667,50.1667,78.89,90,49,6.13,light rain
577,Znamenskoye,RU,57.1281,73.8282,19.62,95,100,7.54,light snow
578,Fort-Shevchenko,KZ,44.5086,50.263,35.49,57,72,13.13,broken clouds
579,Sapernoye,RU,60.7167,29.9505,26.65,87,100,14.81,light snow
580,Zemio,CF,5.0314,25.1361,93.29,16,37,3.2,scattered clouds
581,Turkistan,KZ,43.0,68.0,21.2,82,0,3.51,clear sky
582,Malakal,SS,9.5334,31.6605,91.58,16,70,5.19,broken clouds
583,Morant Bay,JM,17.8815,-76.4093,89.22,68,98,20.78,overcast clouds
584,Teguldet,RU,57.3064,88.1667,17.78,92,100,10.71,light snow
585,Huarmey,PE,-10.0681,-78.1522,75.25,73,40,9.04,scattered clouds
586,Ler,SS,8.3018,30.1418,92.8,15,28,5.03,scattered clouds
587,Puerto Madryn,AR,-42.7692,-65.0385,80.94,27,0,7.81,clear sky
588,Saint-Remi,CA,45.2668,-73.6159,35.62,84,89,24.74,overcast clouds
589,Port Said,EG,31.2565,32.2841,64.18,76,25,15.35,scattered clouds
590,Hofn,IS,64.2539,-15.2082,39.4,99,100,5.21,overcast clouds
591,Sumbawanga,TZ,-7.9667,31.6167,62.8,85,37,0.56,light rain
592,Panyutyne,UA,48.9333,36.2833,29.23,77,54,10.92,broken clouds
593,Novaya Zaimka,RU,56.4857,66.9241,17.29,95,100,9.75,overcast clouds
594,Forio,IT,40.7342,13.8646,52.43,68,83,14.0,broken clouds
595,Saint-Augustin,CA,51.226,-58.6502,7.34,66,90,4.61,overcast clouds
596,Sovetskiy,RU,61.3614,63.5842,9.55,87,7,8.88,clear sky
597,Shahrud,IR,36.4182,54.9763,32.49,50,0,4.41,clear sky
598,Booue,GA,-0.0921,11.9385,81.55,67,99,2.01,light rain
599,Saint-Paul,RE,-21.0096,55.2707,80.71,86,100,1.23,overcast clouds
600,Necochea,AR,-38.5473,-58.7368,80.67,49,11,6.76,few clouds
601,Rudnichnyy,RU,59.617,52.4703,7.84,96,74,6.8,broken clouds
602,Sao Gabriel,BR,-30.3364,-54.32,101.7,21,90,3.78,overcast clouds
603,Talara,PE,-4.5772,-81.2719,88.56,48,0,8.05,clear sky
604,Kayes,ML,14.0,-11.0,92.95,9,32,9.66,scattered clouds
605,Kinna,SE,57.5073,12.6946,40.03,91,100,8.84,overcast clouds
606,Rosarno,IT,38.4841,15.979,52.34,75,99,2.91,light rain
607,Sibut,CF,5.718,19.0739,97.79,14,64,0.83,broken clouds
608,Kichmengskiy Gorodok,RU,59.9816,45.7854,11.41,94,53,7.4,broken clouds
609,Sehithwa,BW,-20.4667,22.7167,96.76,16,13,10.6,few clouds
610,Igarka,RU,67.4667,86.5833,2.73,96,99,11.07,overcast clouds
611,Key Biscayne,US,25.6937,-80.1628,77.02,76,75,16.11,broken clouds
612,Moroni,KM,-11.7022,43.2551,80.2,85,16,9.98,few clouds
613,Abu Dhabi,AE,24.4667,54.3667,66.31,49,0,5.75,clear sky
614,Mandera,KE,3.9366,41.867,89.92,20,0,10.94,clear sky
615,Kandhla,IN,29.3167,77.2667,53.65,66,0,4.65,clear sky
616,Canoinhas,BR,-26.1772,-50.39,90.48,29,5,2.24,clear sky
617,Zhanakorgan,KZ,43.9098,67.2495,28.94,49,0,2.8,clear sky
618,Akkermanovka,RU,51.2467,58.2391,8.38,96,94,4.97,overcast clouds
619,Neyshabur,IR,36.2133,58.7958,36.95,59,32,6.26,scattered clouds
620,Eidsvag,NO,62.7767,8.0668,41.65,89,100,12.64,overcast clouds
621,Mitu,CO,1.1983,-70.1733,88.84,39,87,5.59,overcast clouds
622,Itapaci,BR,-14.9508,-49.5494,81.36,69,96,0.38,overcast clouds
623,Caconda,AO,-13.7333,15.0667,65.59,71,100,4.7,overcast clouds
624,Nurlat,RU,54.4277,50.8051,4.71,99,93,4.09,overcast clouds
625,Dabat,ET,12.9842,37.765,60.76,25,69,5.06,broken clouds
626,Boende,CD,-0.2167,20.8667,87.46,45,100,1.99,overcast clouds
627,Bayir,TR,37.2687,28.2167,48.72,90,71,3.11,broken clouds
628,Dinan,FR,48.4167,-2.25,42.22,71,63,10.63,broken clouds
629,Marrakesh,MA,31.6315,-8.0083,60.87,36,40,4.61,scattered clouds
630,Panama City,PA,8.9936,-79.5197,88.18,59,20,18.41,few clouds
631,Erzincan,TR,39.75,39.5,34.9,69,75,2.3,light snow
632,Seminole,US,28.7086,-81.2081,68.27,65,75,11.5,broken clouds
633,Alberton,CA,46.8168,-64.0654,30.33,75,97,15.73,overcast clouds
634,San Alberto,CO,7.7611,-73.3922,86.88,46,3,6.2,clear sky
635,Gunjur,GM,13.2019,-16.7339,100.47,16,0,6.91,clear sky
636,Olinda,BR,-8.0089,-34.8553,85.73,54,40,13.8,scattered clouds
637,Garowe,SO,8.4054,48.4845,80.78,31,5,13.38,clear sky
638,Verrettes,HT,19.05,-72.4667,83.57,39,44,9.26,scattered clouds
639,Dombarovskiy,RU,50.7587,59.5386,3.83,88,99,5.91,overcast clouds
640,Thinadhoo,MV,0.5333,72.9333,81.5,77,56,13.11,broken clouds
641,El Tigre,VE,8.8875,-64.2454,84.45,33,2,9.93,clear sky
642,Santa Rosa,PH,14.3122,121.1114,77.11,77,86,17.94,overcast clouds
643,Maamba,ZM,-17.3667,27.15,73.6,87,92,2.46,light rain
644,Manaure,CO,11.7751,-72.4445,83.39,51,6,19.69,clear sky
645,Turtas,RU,58.9417,69.1325,6.21,98,25,5.32,scattered clouds
646,Bertoua,CM,4.5833,13.6833,89.38,28,93,1.52,overcast clouds
647,Atasu,KZ,48.6814,71.6433,-2.99,91,87,2.1,overcast clouds
648,Bekhtery,UA,46.251,32.2927,34.77,96,100,17.25,snow
649,Keuruu,FI,62.2667,24.7,32.18,90,88,10.31,overcast clouds
650,Bogo,PH,11.0517,124.0055,76.55,88,50,12.53,scattered clouds
651,Batsfjord,NO,70.6345,29.7185,31.93,93,100,9.22,snow
652,Mikumi,TZ,-7.4041,36.9831,76.71,76,6,1.41,clear sky
653,Suraabad,AZ,40.8192,49.4687,44.49,69,45,8.93,scattered clouds
654,Klyuchi,RU,52.2667,79.1667,13.15,83,6,14.43,clear sky
655,Voyvozh,RU,62.892,54.9635,14.76,91,100,9.08,overcast clouds
656,Novodolinskiy,KZ,49.705,72.7047,5.58,85,11,7.09,few clouds
657,Carquefou,FR,47.2982,-1.4902,42.58,71,100,9.22,overcast clouds
658,Port Shepstone,ZA,-30.7414,30.455,77.11,85,61,26.24,light rain
659,Hearst,CA,49.6835,-83.6665,-10.64,88,100,8.37,overcast clouds
660,Usak,TR,38.5,29.4167,40.12,88,95,5.73,overcast clouds
661,Kamoke,PK,31.9744,74.2244,55.42,36,100,3.83,overcast clouds
662,Uitenhage,ZA,-33.7576,25.3971,64.42,80,57,17.27,light rain
663,French Harbor,HN,16.35,-86.4333,82.4,75,40,23.02,scattered clouds
664,Ratodero,PK,27.803,68.2871,59.22,12,61,6.11,broken clouds
665,Tambura,SS,5.6,27.4667,93.6,13,11,6.33,few clouds
666,Garbovi,RO,44.7833,26.7667,31.8,98,100,10.58,light snow
667,Jiwani,PK,25.05,61.7417,66.49,59,90,3.56,overcast clouds
668,Iskateley,RU,67.6803,53.1512,14.07,96,99,7.67,overcast clouds
669,Lima,PE,-12.0432,-77.0282,75.45,69,0,8.05,clear sky
670,Mikhaylovka,RU,50.06,43.2379,19.71,90,100,7.18,overcast clouds
671,Brasilia,BR,-15.7797,-47.9297,80.62,54,40,9.22,scattered clouds
672,Kita,ML,13.0349,-9.4895,94.12,9,35,7.16,scattered clouds
673,Kiruna,SE,67.8557,20.2251,20.32,79,100,12.66,overcast clouds
674,Ugoofaaru,MV,5.6667,73.0,80.35,77,8,8.75,clear sky
675,Rotifunk,SL,8.2333,-12.6833,93.47,40,87,7.61,overcast clouds
676,Kibaya,TZ,-5.3,36.5667,67.77,54,2,5.86,clear sky
677,Saquarema,BR,-22.92,-42.5103,91.54,80,79,7.14,broken clouds
678,Reggello,IT,43.6801,11.5293,40.91,69,28,6.11,scattered clouds
679,Cerrito,CO,6.8432,-72.694,65.75,25,23,2.01,few clouds
680,Chimbote,PE,-9.0853,-78.5783,74.89,71,92,8.93,overcast clouds
681,San Luis,AR,-33.295,-66.3356,85.55,40,8,2.98,clear sky
682,Johi,PK,26.6921,67.6133,60.96,13,67,2.66,broken clouds
683,Yurino,RU,56.2942,46.3039,2.89,100,78,2.8,broken clouds
684,Coruripe,BR,-10.1256,-36.1756,86.2,52,0,13.44,clear sky
685,Arica,CL,-18.475,-70.3042,85.55,57,0,13.8,clear sky
686,Marienburg,PL,54.0359,19.0266,33.89,84,70,4.56,broken clouds
687,Barcelos,PT,41.5388,-8.6151,55.54,54,0,6.17,clear sky
688,Madinat Sittah Uktubar,EG,29.8167,31.05,67.6,28,100,5.75,overcast clouds
689,Sorland,NO,67.667,12.6934,37.26,75,99,34.02,overcast clouds
690,Damaturu,NG,11.747,11.9608,98.11,7,75,4.9,broken clouds
691,Bethanien,NA,-26.502,17.1583,94.26,15,66,20.18,broken clouds
692,Chancay,PE,-11.5714,-77.2672,75.65,71,37,8.95,scattered clouds
693,Inta,RU,66.0317,60.1659,10.33,94,100,14.61,overcast clouds
